Year,Game,Player,Opponent,Rating,Opponent rating,White,Is challenger,Won so far,Drawn so far,Lost so far,Score,Win,Draw,Loss
1969,1,Spassky,Petrosian,2690,2650,1,1,0,0,0,0,0,0,1
1969,2,Spassky,Petrosian,2690,2650,0,1,0,0,1,0.5,0,1,0
1969,3,Spassky,Petrosian,2690,2650,1,1,0,1,1,0.5,0,1,0
1969,4,Spassky,Petrosian,2690,2650,0,1,0,2,1,1,1,0,0
1969,5,Spassky,Petrosian,2690,2650,1,1,1,2,1,1,1,0,0
1969,6,Spassky,Petrosian,2690,2650,0,1,2,2,1,0.5,0,1,0
1969,7,Spassky,Petrosian,2690,2650,1,1,2,3,1,0.5,0,1,0
1969,8,Spassky,Petrosian,2690,2650,0,1,2,4,1,1,1,0,0
1969,9,Spassky,Petrosian,2690,2650,1,1,3,4,1,0.5,0,1,0
1969,10,Spassky,Petrosian,2690,2650,0,1,3,5,1,0,0,0,1
1969,11,Spassky,Petrosian,2690,2650,1,1,3,5,2,0,0,0,1
1969,12,Spassky,Petrosian,2690,2650,0,1,3,5,3,0.5,0,1,0
1969,13,Spassky,Petrosian,2690,2650,1,1,3,6,3,0.5,0,1,0
1969,14,Spassky,Petrosian,2690,2650,0,1,3,7,3,0.5,0,1,0
1969,15,Spassky,Petrosian,2690,2650,1,1,3,8,3,0.5,0,1,0
1969,16,Spassky,Petrosian,2690,2650,0,1,3,9,3,0.5,0,1,0
1969,17,Spassky,Petrosian,2690,2650,1,1,3,10,3,1,1,0,0
1969,18,Spassky,Petrosian,2690,2650,0,1,4,10,3,0.5,0,1,0
1969,19,Spassky,Petrosian,2690,2650,1,1,4,11,3,1,1,0,0
1969,20,Spassky,Petrosian,2690,2650,0,1,5,11,3,0,0,0,1
1969,21,Spassky,Petrosian,2690,2650,1,1,5,11,4,1,1,0,0
1969,22,Spassky,Petrosian,2690,2650,0,1,6,11,4,0.5,0,1,0
1969,23,Spassky,Petrosian,2690,2650,1,1,6,12,4,0.5,0,1,0
1972,1,Fisher,Spassky,2785,2660,0,1,0,0,0,0,0,0,1
1972,2,Fisher,Spassky,2785,2660,1,1,0,0,1,0,0,0,1
1972,3,Fisher,Spassky,2785,2660,0,1,0,0,2,1,1,0,0
1972,4,Fisher,Spassky,2785,2660,1,1,1,0,2,0.5,0,1,0
1972,5,Fisher,Spassky,2785,2660,0,1,1,1,2,1,1,0,0
1972,6,Fisher,Spassky,2785,2660,1,1,2,1,2,1,1,0,0
1972,7,Fisher,Spassky,2785,2660,0,1,3,1,2,0.5,0,1,0
1972,8,Fisher,Spassky,2785,2660,1,1,3,2,2,1,1,0,0
1972,9,Fisher,Spassky,2785,2660,0,1,4,2,2,0.5,0,1,0
1972,10,Fisher,Spassky,2785,2660,1,1,4,3,2,1,1,0,0
1972,11,Fisher,Spassky,2785,2660,0,1,5,3,2,0,0,0,1
1972,12,Fisher,Spassky,2785,2660,1,1,5,3,3,0.5,0,1,0
1972,13,Fisher,Spassky,2785,2660,0,1,5,4,3,1,1,0,0
1972,14,Fisher,Spassky,2785,2660,1,1,6,4,3,0.5,0,1,0
1972,15,Fisher,Spassky,2785,2660,0,1,6,5,3,0.5,0,1,0
1972,16,Fisher,Spassky,2785,2660,1,1,6,6,3,0.5,0,1,0
1972,17,Fisher,Spassky,2785,2660,0,1,6,7,3,0.5,0,1,0
1972,18,Fisher,Spassky,2785,2660,1,1,6,8,3,0.5,0,1,0
1972,19,Fisher,Spassky,2785,2660,0,1,6,9,3,0.5,0,1,0
1972,20,Fisher,Spassky,2785,2660,1,1,6,10,3,0.5,0,1,0
1972,21,Fisher,Spassky,2785,2660,0,1,6,11,3,1,1,0,0
1978,1,Karpov,Korchnoi,2725,2665,0,0,0,0,0,0.5,0,1,0
1978,2,Karpov,Korchnoi,2725,2665,1,0,0,1,0,0.5,0,1,0
1978,3,Karpov,Korchnoi,2725,2665,0,0,0,2,0,0.5,0,1,0
1978,4,Karpov,Korchnoi,2725,2665,1,0,0,3,0,0.5,0,1,0
1978,5,Karpov,Korchnoi,2725,2665,0,0,0,4,0,0.5,0,1,0
1978,6,Karpov,Korchnoi,2725,2665,1,0,0,5,0,0.5,0,1,0
1978,7,Karpov,Korchnoi,2725,2665,0,0,0,6,0,0.5,0,1,0
1978,8,Karpov,Korchnoi,2725,2665,1,0,0,7,0,1,1,0,0
1978,9,Karpov,Korchnoi,2725,2665,0,0,1,7,0,0.5,0,1,0
1978,10,Karpov,Korchnoi,2725,2665,1,0,1,8,0,0.5,0,1,0
1978,11,Karpov,Korchnoi,2725,2665,0,0,1,9,0,0,0,0,1
1978,12,Karpov,Korchnoi,2725,2665,1,0,1,9,1,0.5,0,1,0
1978,13,Karpov,Korchnoi,2725,2665,0,0,1,10,1,1,1,0,0
1978,14,Karpov,Korchnoi,2725,2665,1,0,2,10,1,1,1,0,0
1978,15,Karpov,Korchnoi,2725,2665,0,0,3,10,1,0.5,0,1,0
1978,16,Karpov,Korchnoi,2725,2665,1,0,3,11,1,0.5,0,1,0
1978,17,Karpov,Korchnoi,2725,2665,0,0,3,12,1,1,1,0,0
1978,18,Karpov,Korchnoi,2725,2665,1,0,4,12,1,0.5,0,1,0
1978,19,Karpov,Korchnoi,2725,2665,0,0,4,13,1,0.5,0,1,0
1978,20,Karpov,Korchnoi,2725,2665,1,0,4,14,1,0.5,0,1,0
1978,21,Karpov,Korchnoi,2725,2665,0,0,4,15,1,0,0,0,1
1978,22,Karpov,Korchnoi,2725,2665,1,0,4,15,2,0.5,0,1,0
1978,23,Karpov,Korchnoi,2725,2665,0,0,4,16,2,0.5,0,1,0
1978,24,Karpov,Korchnoi,2725,2665,1,0,4,17,2,0.5,0,1,0
1978,25,Karpov,Korchnoi,2725,2665,0,0,4,18,2,0.5,0,1,0
1978,26,Karpov,Korchnoi,2725,2665,1,0,4,19,2,0.5,0,1,0
1978,27,Karpov,Korchnoi,2725,2665,0,0,4,20,2,1,1,0,0
1978,28,Karpov,Korchnoi,2725,2665,1,0,5,20,2,0,0,0,1
1978,29,Karpov,Korchnoi,2725,2665,0,0,5,20,3,0,0,0,1
1978,30,Karpov,Korchnoi,2725,2665,1,0,5,20,4,0.5,0,1,0
1978,31,Karpov,Korchnoi,2725,2665,0,0,5,21,4,0,0,0,1
1978,32,Karpov,Korchnoi,2725,2665,1,0,5,21,5,1,1,0,0
1981,1,Karpov,Korchnoi,2700,2695,0,0,0,0,0,1,1,0,0
1981,2,Karpov,Korchnoi,2700,2695,1,0,1,0,0,1,1,0,0
1981,3,Karpov,Korchnoi,2700,2695,0,0,2,0,0,0.5,0,1,0
1981,4,Karpov,Korchnoi,2700,2695,1,0,2,1,0,1,1,0,0
1981,5,Karpov,Korchnoi,2700,2695,0,0,3,1,0,0.5,0,1,0
1981,6,Karpov,Korchnoi,2700,2695,1,0,3,2,0,0,0,0,1
1981,7,Karpov,Korchnoi,2700,2695,0,0,3,2,1,0.5,0,1,0
1981,8,Karpov,Korchnoi,2700,2695,1,0,3,3,1,0.5,0,1,0
1981,9,Karpov,Korchnoi,2700,2695,0,0,3,4,1,1,1,0,0
1981,10,Karpov,Korchnoi,2700,2695,1,0,4,4,1,0.5,0,1,0
1981,11,Karpov,Korchnoi,2700,2695,0,0,4,5,1,0.5,0,1,0
1981,12,Karpov,Korchnoi,2700,2695,1,0,4,6,1,0.5,0,1,0
1981,13,Karpov,Korchnoi,2700,2695,0,0,4,7,1,0,0,0,1
1981,14,Karpov,Korchnoi,2700,2695,1,0,4,7,2,1,1,0,0
1981,15,Karpov,Korchnoi,2700,2695,0,0,5,7,2,0.5,0,1,0
1981,16,Karpov,Korchnoi,2700,2695,1,0,5,8,2,0.5,0,1,0
1981,17,Karpov,Korchnoi,2700,2695,0,0,5,9,2,0.5,0,1,0
1981,18,Karpov,Korchnoi,2700,2695,1,0,5,10,2,1,1,0,0
1984-5,1,Kasparov,Karpov,2710,2700,0,1,0,0,0,0.5,0,1,0
1984-5,2,Kasparov,Karpov,2710,2700,1,1,0,1,0,0.5,0,1,0
1984-5,3,Kasparov,Karpov,2710,2700,0,1,0,2,0,0,0,0,1
1984-5,4,Kasparov,Karpov,2710,2700,1,1,0,2,1,0.5,0,1,0
1984-5,5,Kasparov,Karpov,2710,2700,0,1,0,3,1,0.5,0,1,0
1984-5,6,Kasparov,Karpov,2710,2700,1,1,0,4,1,0,0,0,1
1984-5,7,Kasparov,Karpov,2710,2700,0,1,0,4,2,0,0,0,1
1984-5,8,Kasparov,Karpov,2710,2700,1,1,0,4,3,0.5,0,1,0
1984-5,9,Kasparov,Karpov,2710,2700,0,1,0,5,3,0,0,0,1
1984-5,10,Kasparov,Karpov,2710,2700,1,1,0,5,4,0.5,0,1,0
1984-5,11,Kasparov,Karpov,2710,2700,0,1,0,6,4,0.5,0,1,0
1984-5,12,Kasparov,Karpov,2710,2700,1,1,0,7,4,0.5,0,1,0
1984-5,13,Kasparov,Karpov,2710,2700,0,1,0,8,4,0.5,0,1,0
1984-5,14,Kasparov,Karpov,2710,2700,1,1,0,9,4,0.5,0,1,0
1984-5,15,Kasparov,Karpov,2710,2700,0,1,0,10,4,0.5,0,1,0
1984-5,16,Kasparov,Karpov,2710,2700,1,1,0,11,4,0.5,0,1,0
1984-5,17,Kasparov,Karpov,2710,2700,0,1,0,12,4,0.5,0,1,0
1984-5,18,Kasparov,Karpov,2710,2700,1,1,0,13,4,0.5,0,1,0
1984-5,19,Kasparov,Karpov,2710,2700,0,1,0,14,4,0.5,0,1,0
1984-5,20,Kasparov,Karpov,2710,2700,1,1,0,15,4,0.5,0,1,0
1984-5,21,Kasparov,Karpov,2710,2700,0,1,0,16,4,0.5,0,1,0
1984-5,22,Kasparov,Karpov,2710,2700,1,1,0,17,4,0.5,0,1,0
1984-5,23,Kasparov,Karpov,2710,2700,0,1,0,18,4,0.5,0,1,0
1984-5,24,Kasparov,Karpov,2710,2700,1,1,0,19,4,0.5,0,1,0
1984-5,25,Kasparov,Karpov,2710,2700,0,1,0,20,4,0.5,0,1,0
1984-5,26,Kasparov,Karpov,2710,2700,1,1,0,21,4,0.5,0,1,0
1984-5,27,Kasparov,Karpov,2710,2700,0,1,0,22,4,0,0,0,1
1984-5,28,Kasparov,Karpov,2710,2700,1,1,0,22,5,0.5,0,1,0
1984-5,29,Kasparov,Karpov,2710,2700,0,1,0,23,5,0.5,0,1,0
1984-5,30,Kasparov,Karpov,2710,2700,1,1,0,24,5,0.5,0,1,0
1984-5,31,Kasparov,Karpov,2710,2700,0,1,0,25,5,0.5,0,1,0
1984-5,32,Kasparov,Karpov,2710,2700,1,1,0,26,5,1,1,0,0
1984-5,33,Kasparov,Karpov,2710,2700,0,1,1,26,5,0.5,0,1,0
1984-5,34,Kasparov,Karpov,2710,2700,1,1,1,27,5,0.5,0,1,0
1984-5,35,Kasparov,Karpov,2710,2700,0,1,1,28,5,0.5,0,1,0
1984-5,36,Kasparov,Karpov,2710,2700,1,1,1,29,5,0.5,0,1,0
1984-5,37,Kasparov,Karpov,2710,2700,0,1,1,30,5,0.5,0,1,0
1984-5,38,Kasparov,Karpov,2710,2700,1,1,1,31,5,0.5,0,1,0
1984-5,39,Kasparov,Karpov,2710,2700,0,1,1,32,5,0.5,0,1,0
1984-5,40,Kasparov,Karpov,2710,2700,1,1,1,33,5,0.5,0,1,0
1984-5,41,Kasparov,Karpov,2710,2700,0,1,1,34,5,0.5,0,1,0
1984-5,42,Kasparov,Karpov,2710,2700,1,1,1,35,5,0.5,0,1,0
1984-5,43,Kasparov,Karpov,2710,2700,0,1,1,36,5,0.5,0,1,0
1984-5,44,Kasparov,Karpov,2710,2700,1,1,1,37,5,0.5,0,1,0
1984-5,45,Kasparov,Karpov,2710,2700,0,1,1,38,5,0.5,0,1,0
1984-5,46,Kasparov,Karpov,2710,2700,1,1,1,39,5,0.5,0,1,0
1984-5,47,Kasparov,Karpov,2710,2700,0,1,1,40,5,1,1,0,0
1984-5,48,Kasparov,Karpov,2710,2700,1,1,2,40,5,1,1,0,0
1985,1,Karpov,Kasparov,2720,2700,0,0,0,0,0,0,0,0,1
1985,2,Karpov,Kasparov,2720,2700,1,0,0,0,1,0.5,0,1,0
1985,3,Karpov,Kasparov,2720,2700,0,0,0,1,1,0.5,0,1,0
1985,4,Karpov,Kasparov,2720,2700,1,0,0,2,1,1,1,0,0
1985,5,Karpov,Kasparov,2720,2700,0,0,1,2,1,1,1,0,0
1985,6,Karpov,Kasparov,2720,2700,1,0,2,2,1,0.5,0,1,0
1985,7,Karpov,Kasparov,2720,2700,0,0,2,3,1,0.5,0,1,0
1985,8,Karpov,Kasparov,2720,2700,1,0,2,4,1,0.5,0,1,0
1985,9,Karpov,Kasparov,2720,2700,0,0,2,5,1,0.5,0,1,0
1985,10,Karpov,Kasparov,2720,2700,1,0,2,6,1,0.5,0,1,0
1985,11,Karpov,Kasparov,2720,2700,0,0,2,7,1,0,0,0,1
1985,12,Karpov,Kasparov,2720,2700,1,0,2,7,2,0.5,0,1,0
1985,13,Karpov,Kasparov,2720,2700,0,0,2,8,2,0.5,0,1,0
1985,14,Karpov,Kasparov,2720,2700,1,0,2,9,2,0.5,0,1,0
1985,15,Karpov,Kasparov,2720,2700,0,0,2,10,2,0.5,0,1,0
1985,16,Karpov,Kasparov,2720,2700,1,0,2,11,2,0,0,0,1
1985,17,Karpov,Kasparov,2720,2700,0,0,2,11,3,0.5,0,1,0
1985,18,Karpov,Kasparov,2720,2700,1,0,2,12,3,0.5,0,1,0
1985,19,Karpov,Kasparov,2720,2700,0,0,2,13,3,0,0,0,1
1985,20,Karpov,Kasparov,2720,2700,1,0,2,13,4,0.5,0,1,0
1985,21,Karpov,Kasparov,2720,2700,0,0,2,14,4,0.5,0,1,0
1985,22,Karpov,Kasparov,2720,2700,1,0,2,15,4,1,1,0,0
1985,23,Karpov,Kasparov,2720,2700,0,0,3,15,4,0.5,0,1,0
1985,24,Karpov,Kasparov,2720,2700,1,0,3,16,4,0,0,0,1
1986,1,Kasparov,Karpov,2740,2705,0,0,0,0,0,0.5,0,1,0
1986,2,Kasparov,Karpov,2740,2705,1,0,0,1,0,0.5,0,1,0
1986,3,Kasparov,Karpov,2740,2705,0,0,0,2,0,0.5,0,1,0
1986,4,Kasparov,Karpov,2740,2705,1,0,0,3,0,1,1,0,0
1986,5,Kasparov,Karpov,2740,2705,0,0,1,3,0,0,0,0,1
1986,6,Kasparov,Karpov,2740,2705,1,0,1,3,1,0.5,0,1,0
1986,7,Kasparov,Karpov,2740,2705,0,0,1,4,1,0.5,0,1,0
1986,8,Kasparov,Karpov,2740,2705,1,0,1,5,1,1,1,0,0
1986,9,Kasparov,Karpov,2740,2705,0,0,2,5,1,0.5,0,1,0
1986,10,Kasparov,Karpov,2740,2705,1,0,2,6,1,0.5,0,1,0
1986,11,Kasparov,Karpov,2740,2705,0,0,2,7,1,0.5,0,1,0
1986,12,Kasparov,Karpov,2740,2705,1,0,2,8,1,0.5,0,1,0
1986,13,Kasparov,Karpov,2740,2705,0,0,2,9,1,0.5,0,1,0
1986,14,Kasparov,Karpov,2740,2705,1,0,2,10,1,1,1,0,0
1986,15,Kasparov,Karpov,2740,2705,0,0,3,10,1,0.5,0,1,0
1986,16,Kasparov,Karpov,2740,2705,1,0,3,11,1,1,1,0,0
1986,17,Kasparov,Karpov,2740,2705,0,0,4,11,1,0,0,0,1
1986,18,Kasparov,Karpov,2740,2705,1,0,4,11,2,0,0,0,1
1986,19,Kasparov,Karpov,2740,2705,0,0,4,11,3,0,0,0,1
1986,20,Kasparov,Karpov,2740,2705,1,0,4,11,4,0.5,0,1,0
1986,21,Kasparov,Karpov,2740,2705,0,0,4,12,4,0.5,0,1,0
1986,22,Kasparov,Karpov,2740,2705,1,0,4,13,4,1,1,0,0
1986,23,Kasparov,Karpov,2740,2705,0,0,5,13,4,0.5,0,1,0
1986,24,Kasparov,Karpov,2740,2705,1,0,5,14,4,0.5,0,1,0
1987,1,Kasparov,Karpov,2740,2700,0,0,0,0,0,0.5,0,1,0
1987,2,Kasparov,Karpov,2740,2700,1,0,0,1,0,0,0,0,1
1987,3,Kasparov,Karpov,2740,2700,0,0,0,1,1,0.5,0,1,0
1987,4,Kasparov,Karpov,2740,2700,1,0,0,2,1,1,1,0,0
1987,5,Kasparov,Karpov,2740,2700,0,0,1,2,1,0,0,0,1
1987,6,Kasparov,Karpov,2740,2700,1,0,1,2,2,0.5,0,1,0
1987,7,Kasparov,Karpov,2740,2700,0,0,1,3,2,0.5,0,1,0
1987,8,Kasparov,Karpov,2740,2700,1,0,1,4,2,1,1,0,0
1987,9,Kasparov,Karpov,2740,2700,0,0,2,4,2,0.5,0,1,0
1987,10,Kasparov,Karpov,2740,2700,1,0,2,5,2,0.5,0,1,0
1987,11,Kasparov,Karpov,2740,2700,0,0,2,6,2,1,1,0,0
1987,12,Kasparov,Karpov,2740,2700,1,0,3,6,2,0.5,0,1,0
1987,13,Kasparov,Karpov,2740,2700,0,0,3,7,2,0.5,0,1,0
1987,14,Kasparov,Karpov,2740,2700,1,0,3,8,2,0.5,0,1,0
1987,15,Kasparov,Karpov,2740,2700,0,0,3,9,2,0.5,0,1,0
1987,16,Kasparov,Karpov,2740,2700,1,0,3,10,2,0,0,0,1
1987,17,Kasparov,Karpov,2740,2700,0,0,3,10,3,0.5,0,1,0
1987,18,Kasparov,Karpov,2740,2700,1,0,3,11,3,0.5,0,1,0
1987,19,Kasparov,Karpov,2740,2700,0,0,3,12,3,0.5,0,1,0
1987,20,Kasparov,Karpov,2740,2700,1,0,3,13,3,0.5,0,1,0
1987,21,Kasparov,Karpov,2740,2700,0,0,3,14,3,0.5,0,1,0
1987,22,Kasparov,Karpov,2740,2700,1,0,3,15,3,0.5,0,1,0
1987,23,Kasparov,Karpov,2740,2700,0,0,3,16,3,0,0,0,1
1987,24,Kasparov,Karpov,2740,2700,1,0,3,16,4,1,1,0,0
1990,1,Kasparov,Karpov,2800,2730,0,0,0,0,0,0.5,0,1,0
1990,2,Kasparov,Karpov,2800,2730,1,0,0,1,0,1,1,0,0
1990,3,Kasparov,Karpov,2800,2730,0,0,1,1,0,0.5,0,1,0
1990,4,Kasparov,Karpov,2800,2730,1,0,1,2,0,0.5,0,1,0
1990,5,Kasparov,Karpov,2800,2730,0,0,1,3,0,0.5,0,1,0
1990,6,Kasparov,Karpov,2800,2730,1,0,1,4,0,0.5,0,1,0
1990,7,Kasparov,Karpov,2800,2730,0,0,1,5,0,0,0,0,1
1990,8,Kasparov,Karpov,2800,2730,1,0,1,5,1,0.5,0,1,0
1990,9,Kasparov,Karpov,2800,2730,0,0,1,6,1,0.5,0,1,0
1990,10,Kasparov,Karpov,2800,2730,1,0,1,7,1,0.5,0,1,0
1990,11,Kasparov,Karpov,2800,2730,0,0,1,8,1,0.5,0,1,0
1990,12,Kasparov,Karpov,2800,2730,1,0,1,9,1,0.5,0,1,0
1990,13,Kasparov,Karpov,2800,2730,0,0,1,10,1,0.5,0,1,0
1990,14,Kasparov,Karpov,2800,2730,1,0,1,11,1,0.5,0,1,0
1990,15,Kasparov,Karpov,2800,2730,0,0,1,12,1,0.5,0,1,0
1990,16,Kasparov,Karpov,2800,2730,1,0,1,13,1,1,1,0,0
1990,17,Kasparov,Karpov,2800,2730,0,0,2,13,1,0,0,0,1
1990,18,Kasparov,Karpov,2800,2730,1,0,2,13,2,1,1,0,0
1990,19,Kasparov,Karpov,2800,2730,0,0,3,13,2,0.5,0,1,0
1990,20,Kasparov,Karpov,2800,2730,1,0,3,14,2,1,1,0,0
1990,21,Kasparov,Karpov,2800,2730,0,0,4,14,2,0.5,0,1,0
1990,22,Kasparov,Karpov,2800,2730,1,0,4,15,2,0.5,0,1,0
1990,23,Kasparov,Karpov,2800,2730,0,0,4,16,2,0,0,0,1
1990,24,Kasparov,Karpov,2800,2730,1,0,4,16,3,0.5,0,1,0
1993 PCA,1,Kasparov,Short,2815,2685,1,0,0,0,0,1,1,0,0
1993 PCA,2,Kasparov,Short,2815,2685,0,0,1,0,0,0.5,0,1,0
1993 PCA,3,Kasparov,Short,2815,2685,1,0,1,1,0,1,1,0,0
1993 PCA,4,Kasparov,Short,2815,2685,0,0,2,1,0,1,1,0,0
1993 PCA,5,Kasparov,Short,2815,2685,1,0,3,1,0,0.5,0,1,0
1993 PCA,6,Kasparov,Short,2815,2685,0,0,3,2,0,0.5,0,1,0
1993 PCA,7,Kasparov,Short,2815,2685,1,0,3,3,0,1,1,0,0
1993 PCA,8,Kasparov,Short,2815,2685,0,0,4,3,0,0.5,0,1,0
1993 PCA,9,Kasparov,Short,2815,2685,1,0,4,4,0,1,1,0,0
1993 PCA,10,Kasparov,Short,2815,2685,0,0,5,4,0,0.5,0,1,0
1993 PCA,11,Kasparov,Short,2815,2685,1,0,5,5,0,0.5,0,1,0
1993 PCA,12,Kasparov,Short,2815,2685,0,0,5,6,0,0.5,0,1,0
1993 PCA,13,Kasparov,Short,2815,2685,1,0,5,7,0,0.5,0,1,0
1993 PCA,14,Kasparov,Short,2815,2685,0,0,5,8,0,0.5,0,1,0
1993 PCA,15,Kasparov,Short,2815,2685,1,0,5,9,0,1,1,0,0
1993 PCA,16,Kasparov,Short,2815,2685,0,0,6,9,0,0,0,0,1
1993 PCA,17,Kasparov,Short,2815,2685,1,0,6,9,1,0.5,0,1,0
1993 PCA,18,Kasparov,Short,2815,2685,0,0,6,10,1,0.5,0,1,0
1993 PCA,19,Kasparov,Short,2815,2685,1,0,6,11,1,0.5,0,1,0
1993 PCA,20,Kasparov,Short,2815,2685,0,0,6,12,1,0.5,0,1,0
1993 FIDE,1,Karpov,Timman,2760,2620,0,0.5,0,0,0,1,1,0,0
1993 FIDE,2,Karpov,Timman,2760,2620,1,0.5,1,0,0,0,0,0,1
1993 FIDE,3,Karpov,Timman,2760,2620,0,0.5,1,0,1,0.5,0,1,0
1993 FIDE,4,Karpov,Timman,2760,2620,1,0.5,1,1,1,0.5,0,1,0
1993 FIDE,5,Karpov,Timman,2760,2620,0,0.5,1,2,1,0.5,0,1,0
1993 FIDE,6,Karpov,Timman,2760,2620,1,0.5,1,3,1,1,1,0,0
1993 FIDE,7,Karpov,Timman,2760,2620,0,0.5,2,3,1,0.5,0,1,0
1993 FIDE,8,Karpov,Timman,2760,2620,1,0.5,2,4,1,0.5,0,1,0
1993 FIDE,9,Karpov,Timman,2760,2620,0,0.5,2,5,1,0.5,0,1,0
1993 FIDE,10,Karpov,Timman,2760,2620,1,0.5,2,6,1,1,1,0,0
1993 FIDE,11,Karpov,Timman,2760,2620,0,0.5,3,6,1,0.5,0,1,0
1993 FIDE,12,Karpov,Timman,2760,2620,1,0.5,3,7,1,0.5,0,1,0
1993 FIDE,13,Karpov,Timman,2760,2620,0,0.5,3,8,1,0.5,0,1,0
1993 FIDE,14,Karpov,Timman,2760,2620,1,0.5,3,9,1,1,1,0,0
1993 FIDE,15,Karpov,Timman,2760,2620,0,0.5,4,9,1,1,1,0,0
1993 FIDE,16,Karpov,Timman,2760,2620,1,0.5,5,9,1,1,1,0,0
1993 FIDE,17,Karpov,Timman,2760,2620,0,0.5,6,9,1,0.5,0,1,0
1993 FIDE,18,Karpov,Timman,2760,2620,1,0.5,6,10,1,0.5,0,1,0
1993 FIDE,19,Karpov,Timman,2760,2620,0,0.5,6,11,1,0.5,0,1,0
1993 FIDE,20,Karpov,Timman,2760,2620,1,0.5,6,12,1,0,0,0,1
1993 FIDE,21,Karpov,Timman,2760,2620,0,0.5,6,12,2,0.5,0,1,0
1995 Classical,1,Kasparov,Anand,2805,2715,0,0,0,0,0,0.5,0,1,0
1995 Classical,2,Kasparov,Anand,2805,2715,1,0,0,1,0,0.5,0,1,0
1995 Classical,3,Kasparov,Anand,2805,2715,0,0,0,2,0,0.5,0,1,0
1995 Classical,4,Kasparov,Anand,2805,2715,1,0,0,3,0,0.5,0,1,0
1995 Classical,5,Kasparov,Anand,2805,2715,0,0,0,4,0,0.5,0,1,0
1995 Classical,6,Kasparov,Anand,2805,2715,1,0,0,5,0,0.5,0,1,0
1995 Classical,7,Kasparov,Anand,2805,2715,0,0,0,6,0,0.5,0,1,0
1995 Classical,8,Kasparov,Anand,2805,2715,1,0,0,7,0,0.5,0,1,0
1995 Classical,9,Kasparov,Anand,2805,2715,0,0,0,8,0,0,0,0,1
1995 Classical,10,Kasparov,Anand,2805,2715,1,0,0,8,1,1,1,0,0
1995 Classical,11,Kasparov,Anand,2805,2715,0,0,1,8,1,1,1,0,0
1995 Classical,12,Kasparov,Anand,2805,2715,1,0,2,8,1,0.5,0,1,0
1995 Classical,13,Kasparov,Anand,2805,2715,0,0,2,9,1,1,1,0,0
1995 Classical,14,Kasparov,Anand,2805,2715,1,0,3,9,1,1,1,0,0
1995 Classical,15,Kasparov,Anand,2805,2715,0,0,4,9,1,0.5,0,1,0
1995 Classical,16,Kasparov,Anand,2805,2715,1,0,4,10,1,0.5,0,1,0
1995 Classical,17,Kasparov,Anand,2805,2715,0,0,4,11,1,0.5,0,1,0
1995 Classical,18,Kasparov,Anand,2805,2715,1,0,4,12,1,0.5,0,1,0
1996 FIDE,1,Karpov,Kamsky,2770,2735,1,0,0,0,0,1,1,0,0
1996 FIDE,2,Karpov,Kamsky,2770,2735,0,0,1,0,0,0,0,0,1
1996 FIDE,3,Karpov,Kamsky,2770,2735,1,0,1,0,1,0.5,0,1,0
1996 FIDE,4,Karpov,Kamsky,2770,2735,0,0,1,1,1,1,1,0,0
1996 FIDE,5,Karpov,Kamsky,2770,2735,1,0,2,1,1,0.5,0,1,0
1996 FIDE,6,Karpov,Kamsky,2770,2735,0,0,2,2,1,1,1,0,0
1996 FIDE,7,Karpov,Kamsky,2770,2735,1,0,3,2,1,1,1,0,0
1996 FIDE,8,Karpov,Kamsky,2770,2735,0,0,4,2,1,0.5,0,1,0
1996 FIDE,9,Karpov,Kamsky,2770,2735,1,0,4,3,1,1,1,0,0
1996 FIDE,10,Karpov,Kamsky,2770,2735,0,0,5,3,1,0,0,0,1
1996 FIDE,11,Karpov,Kamsky,2770,2735,1,0,5,3,2,0.5,0,1,0
1996 FIDE,12,Karpov,Kamsky,2770,2735,0,0,5,4,2,0.5,0,1,0
1996 FIDE,13,Karpov,Kamsky,2770,2735,1,0,5,5,2,0.5,0,1,0
1996 FIDE,14,Karpov,Kamsky,2770,2735,0,0,5,6,2,1,1,0,0
1996 FIDE,15,Karpov,Kamsky,2770,2735,1,0,6,6,2,0.5,0,1,0
1996 FIDE,16,Karpov,Kamsky,2770,2735,0,0,6,7,2,0,0,0,1
1996 FIDE,17,Karpov,Kamsky,2770,2735,1,0,6,7,3,0.5,0,1,0
1996 FIDE,18,Karpov,Kamsky,2770,2735,0,0,6,8,3,0.5,0,1,0
1998 FIDE,1,Anand,Karpov,2770,2735,0,1,0,0,0,0,0,0,1
1998 FIDE,2,Anand,Karpov,2770,2735,1,1,0,0,1,1,1,0,0
1998 FIDE,3,Anand,Karpov,2770,2735,0,1,1,0,1,0.5,0,1,0
1998 FIDE,4,Anand,Karpov,2770,2735,1,1,1,1,1,0,0,0,1
1998 FIDE,5,Anand,Karpov,2770,2735,0,1,1,1,2,0.5,0,1,0
1998 FIDE,6,Anand,Karpov,2770,2735,1,1,1,2,2,1,1,0,0
1999 FIDE,1,Akopian,Khalifman,2640,2616,1,0.5,0,0,0,0,0,0,1
1999 FIDE,2,Akopian,Khalifman,2640,2616,0,0.5,0,0,1,0.5,0,1,0
1999 FIDE,3,Akopian,Khalifman,2640,2616,1,0.5,0,1,1,1,1,0,0
1999 FIDE,4,Akopian,Khalifman,2640,2616,0,0.5,1,1,1,0,0,0,1
1999 FIDE,5,Akopian,Khalifman,2640,2616,1,0.5,1,1,2,0.5,0,1,0
1999 FIDE,6,Akopian,Khalifman,2640,2616,0,0.5,1,2,2,0.5,0,1,0
2000 Classical,1,Kasparov,Kramnik,2849,2772,1,0,0,0,0,0.5,0,1,0
2000 Classical,2,Kasparov,Kramnik,2849,2772,0,0,0,1,0,0,0,0,1
2000 Classical,3,Kasparov,Kramnik,2849,2772,1,0,0,1,1,0.5,0,1,0
2000 Classical,4,Kasparov,Kramnik,2849,2772,0,0,0,2,1,0.5,0,1,0
2000 Classical,5,Kasparov,Kramnik,2849,2772,1,0,0,3,1,0.5,0,1,0
2000 Classical,6,Kasparov,Kramnik,2849,2772,0,0,0,4,1,0.5,0,1,0
2000 Classical,7,Kasparov,Kramnik,2849,2772,1,0,0,5,1,0.5,0,1,0
2000 Classical,8,Kasparov,Kramnik,2849,2772,0,0,0,6,1,0.5,0,1,0
2000 Classical,9,Kasparov,Kramnik,2849,2772,1,0,0,7,1,0.5,0,1,0
2000 Classical,10,Kasparov,Kramnik,2849,2772,0,0,0,8,1,0,0,0,1
2000 Classical,11,Kasparov,Kramnik,2849,2772,1,0,0,8,2,0.5,0,1,0
2000 Classical,12,Kasparov,Kramnik,2849,2772,0,0,0,9,2,0.5,0,1,0
2000 Classical,13,Kasparov,Kramnik,2849,2772,1,0,0,10,2,0.5,0,1,0
2000 Classical,14,Kasparov,Kramnik,2849,2772,0,0,0,11,2,0.5,0,1,0
2000 Classical,15,Kasparov,Kramnik,2849,2772,1,0,0,12,2,0.5,0,1,0
2000 FIDE,1,Anand,Shirov,2774,2746,0,0.5,0,0,0,0.5,0,1,0
2000 FIDE,2,Anand,Shirov,2774,2746,1,0.5,0,1,0,1,1,0,0
2000 FIDE,3,Anand,Shirov,2774,2746,0,0.5,1,1,0,1,1,0,0
2000 FIDE,4,Anand,Shirov,2774,2746,1,0.5,2,1,0,1,1,0,0
2002 FIDE,1,Ivanchuk,Ponomariov,2731,2684,0,0.5,0,0,0,0,0,0,1
2002 FIDE,2,Ivanchuk,Ponomariov,2731,2684,1,0.5,0,0,1,0.5,0,1,0
2002 FIDE,3,Ivanchuk,Ponomariov,2731,2684,0,0.5,0,1,1,0.5,0,1,0
2002 FIDE,4,Ivanchuk,Ponomariov,2731,2684,1,0.5,0,2,1,0.5,0,1,0
2002 FIDE,5,Ivanchuk,Ponomariov,2731,2684,0,0.5,0,3,1,0,0,0,1
2002 FIDE,6,Ivanchuk,Ponomariov,2731,2684,1,0.5,0,3,2,0.5,0,1,0
2002 FIDE,7,Ivanchuk,Ponomariov,2731,2684,0,0.5,0,4,2,0.5,0,1,0
2004 Classical,1,Kramnik,Leko,2770,2741,0,0,0,0,0,1,1,0,0
2004 Classical,2,Kramnik,Leko,2770,2741,1,0,1,0,0,0.5,0,1,0
2004 Classical,3,Kramnik,Leko,2770,2741,0,0,1,1,0,0.5,0,1,0
2004 Classical,4,Kramnik,Leko,2770,2741,1,0,1,2,0,0.5,0,1,0
2004 Classical,5,Kramnik,Leko,2770,2741,0,0,1,3,0,0,0,0,1
2004 Classical,6,Kramnik,Leko,2770,2741,1,0,1,3,1,0.5,0,1,0
2004 Classical,7,Kramnik,Leko,2770,2741,0,0,1,4,1,0.5,0,1,0
2004 Classical,8,Kramnik,Leko,2770,2741,1,0,1,5,1,0,0,0,1
2004 Classical,9,Kramnik,Leko,2770,2741,0,0,1,5,2,0.5,0,1,0
2004 Classical,10,Kramnik,Leko,2770,2741,1,0,1,6,2,0.5,0,1,0
2004 Classical,11,Kramnik,Leko,2770,2741,0,0,1,7,2,0.5,0,1,0
2004 Classical,12,Kramnik,Leko,2770,2741,1,0,1,8,2,0.5,0,1,0
2004 Classical,13,Kramnik,Leko,2770,2741,0,0,1,9,2,0.5,0,1,0
2004 Classical,14,Kramnik,Leko,2770,2741,1,0,1,10,2,1,1,0,0
2004 FIDE,1,Adams,Kasimdzanov,2731,2652,1,0.5,0,0,0,0.5,0,1,0
2004 FIDE,2,Adams,Kasimdzanov,2731,2652,0,0.5,0,1,0,0,0,0,1
2004 FIDE,3,Adams,Kasimdzanov,2731,2652,1,0.5,0,1,1,1,1,0,0
2004 FIDE,4,Adams,Kasimdzanov,2731,2652,0,0.5,1,1,1,0,0,0,1
2004 FIDE,5,Adams,Kasimdzanov,2731,2652,1,0.5,1,1,2,1,1,0,0
2004 FIDE,6,Adams,Kasimdzanov,2731,2652,0,0.5,2,1,2,0.5,0,1,0
2006,1,Topalov,Kramnik,2813,2743,0,0.5,0,0,0,1,1,0,0
2006,2,Topalov,Kramnik,2813,2743,1,0.5,1,0,0,1,1,0,0
2006,3,Topalov,Kramnik,2813,2743,0,0.5,2,0,0,0.5,0,1,0
2006,4,Topalov,Kramnik,2813,2743,1,0.5,2,1,0,0.5,0,1,0
2006,5,Topalov,Kramnik,2813,2743,0,0.5,2,2,0,0,0,0,1
2006,6,Topalov,Kramnik,2813,2743,1,0.5,2,2,1,0.5,0,1,0
2006,7,Topalov,Kramnik,2813,2743,0,0.5,2,3,1,0.5,0,1,0
2006,8,Topalov,Kramnik,2813,2743,1,0.5,2,4,1,0,0,0,1
2006,9,Topalov,Kramnik,2813,2743,0,0.5,2,4,2,0,0,0,1
2006,10,Topalov,Kramnik,2813,2743,1,0.5,2,4,3,1,1,0,0
2006,11,Topalov,Kramnik,2813,2743,0,0.5,3,4,3,0.5,0,1,0
2006,12,Topalov,Kramnik,2813,2743,1,0.5,3,5,3,0.5,0,1,0
2008,1,Anand,Kramnik,2783,2772,0,0,0,0,0,0.5,0,1,0
2008,2,Anand,Kramnik,2783,2772,1,0,0,1,0,0.5,0,1,0
2008,3,Anand,Kramnik,2783,2772,0,0,0,2,0,1,1,0,0
2008,4,Anand,Kramnik,2783,2772,1,0,1,2,0,0.5,0,1,0
2008,5,Anand,Kramnik,2783,2772,0,0,1,3,0,1,1,0,0
2008,6,Anand,Kramnik,2783,2772,1,0,2,3,0,1,1,0,0
2008,7,Anand,Kramnik,2783,2772,0,0,3,3,0,0.5,0,1,0
2008,8,Anand,Kramnik,2783,2772,1,0,3,4,0,0.5,0,1,0
2008,9,Anand,Kramnik,2783,2772,0,0,3,5,0,0.5,0,1,0
2008,10,Anand,Kramnik,2783,2772,1,0,3,6,0,0,0,0,1
2008,11,Anand,Kramnik,2783,2772,0,0,3,6,1,0.5,0,1,0
2010,1,Topalov,Anand,2805,2787,1,1,0,0,0,1,1,0,0
2010,2,Topalov,Anand,2805,2787,0,1,1,0,0,0,0,0,1
2010,3,Topalov,Anand,2805,2787,1,1,1,0,1,0.5,0,1,0
2010,4,Topalov,Anand,2805,2787,0,1,1,1,1,0,0,0,1
2010,5,Topalov,Anand,2805,2787,1,1,1,1,2,0.5,0,1,0
2010,6,Topalov,Anand,2805,2787,0,1,1,2,2,0.5,0,1,0
2010,7,Topalov,Anand,2805,2787,1,1,1,3,2,0.5,0,1,0
2010,8,Topalov,Anand,2805,2787,0,1,1,4,2,1,1,0,0
2010,9,Topalov,Anand,2805,2787,1,1,2,4,2,0.5,0,1,0
2010,10,Topalov,Anand,2805,2787,0,1,2,5,2,0.5,0,1,0
2010,11,Topalov,Anand,2805,2787,1,1,2,6,2,0.5,0,1,0
2010,12,Topalov,Anand,2805,2787,0,1,2,7,2,0,0,0,1
2012,1,Anand,Gelfand,2791,2727,1,0,0,0,0,0.5,0,1,0
2012,2,Anand,Gelfand,2791,2727,0,0,0,1,0,0.5,0,1,0
2012,3,Anand,Gelfand,2791,2727,1,0,0,2,0,0.5,0,1,0
2012,4,Anand,Gelfand,2791,2727,0,0,0,3,0,0.5,0,1,0
2012,5,Anand,Gelfand,2791,2727,1,0,0,4,0,0.5,0,1,0
2012,6,Anand,Gelfand,2791,2727,0,0,0,5,0,0.5,0,1,0
2012,7,Anand,Gelfand,2791,2727,1,0,0,6,0,0,0,0,1
2012,8,Anand,Gelfand,2791,2727,0,0,0,6,1,1,1,0,0
2012,9,Anand,Gelfand,2791,2727,1,0,1,6,1,0.5,0,1,0
2012,10,Anand,Gelfand,2791,2727,0,0,1,7,1,0.5,0,1,0
2012,11,Anand,Gelfand,2791,2727,1,0,1,8,1,0.5,0,1,0
2012,12,Anand,Gelfand,2791,2727,0,0,1,9,1,0.5,0,1,0
2013,1,Carlsen,Anand,2870,2775,1,1,0,0,0,0.5,0,1,0
2013,2,Carlsen,Anand,2870,2775,0,1,0,1,0,0.5,0,1,0
2013,3,Carlsen,Anand,2870,2775,1,1,0,2,0,0.5,0,1,0
2013,4,Carlsen,Anand,2870,2775,0,1,0,3,0,0.5,0,1,0
2013,5,Carlsen,Anand,2870,2775,1,1,0,4,0,1,1,0,0
2013,6,Carlsen,Anand,2870,2775,0,1,1,4,0,1,1,0,0
2013,7,Carlsen,Anand,2870,2775,1,1,2,4,0,0.5,0,1,0
2013,8,Carlsen,Anand,2870,2775,0,1,2,5,0,0.5,0,1,0
2013,9,Carlsen,Anand,2870,2775,1,1,2,6,0,1,1,0,0
2013,10,Carlsen,Anand,2870,2775,0,1,3,6,0,0.5,0,1,0
2014,1,Carlsen,Anand,2863,2792,0,0,0,0,0,0.5,0,1,0
2014,2,Carlsen,Anand,2863,2792,1,0,0,1,0,1,1,0,0
2014,3,Carlsen,Anand,2863,2792,0,0,1,1,0,0,0,0,1
2014,4,Carlsen,Anand,2863,2792,1,0,1,1,1,0.5,0,1,0
2014,5,Carlsen,Anand,2863,2792,0,0,1,2,1,0.5,0,1,0
2014,6,Carlsen,Anand,2863,2792,1,0,1,3,1,1,1,0,0
2014,7,Carlsen,Anand,2863,2792,0,0,2,3,1,0.5,0,1,0
2014,8,Carlsen,Anand,2863,2792,1,0,2,4,1,0.5,0,1,0
2014,9,Carlsen,Anand,2863,2792,0,0,2,5,1,0.5,0,1,0
2014,10,Carlsen,Anand,2863,2792,1,0,2,6,1,0.5,0,1,0
2014,11,Carlsen,Anand,2863,2792,0,0,2,7,1,1,1,0,0
2016,1,Carlsen,Karjakin,2853,2772,1,0,0,0,0,0.5,0,1,0
2016,2,Carlsen,Karjakin,2853,2772,0,0,0,1,0,0.5,0,1,0
2016,3,Carlsen,Karjakin,2853,2772,1,0,0,2,0,0.5,0,1,0
2016,4,Carlsen,Karjakin,2853,2772,0,0,0,3,0,0.5,0,1,0
2016,5,Carlsen,Karjakin,2853,2772,1,0,0,4,0,0.5,0,1,0
2016,6,Carlsen,Karjakin,2853,2772,0,0,0,5,0,0.5,0,1,0
2016,7,Carlsen,Karjakin,2853,2772,1,0,0,6,0,0.5,0,1,0
2016,8,Carlsen,Karjakin,2853,2772,0,0,0,7,0,0,0,0,1
2016,9,Carlsen,Karjakin,2853,2772,1,0,0,7,1,0.5,0,1,0
2016,10,Carlsen,Karjakin,2853,2772,0,0,0,8,1,1,1,0,0
2016,11,Carlsen,Karjakin,2853,2772,1,0,1,8,1,0.5,0,1,0
2016,12,Carlsen,Karjakin,2853,2772,0,0,1,9,1,0.5,0,1,0
2018,1,Carlsen,Caruana,2835,2832,0,0,0,0,0,0.5,0,1,0
2018,2,Carlsen,Caruana,2835,2832,1,0,0,1,0,0.5,0,1,0
2018,3,Carlsen,Caruana,2835,2832,0,0,0,2,0,0.5,0,1,0
2018,4,Carlsen,Caruana,2835,2832,1,0,0,3,0,0.5,0,1,0
2018,5,Carlsen,Caruana,2835,2832,0,0,0,4,0,0.5,0,1,0
2018,6,Carlsen,Caruana,2835,2832,1,0,0,5,0,0.5,0,1,0
2018,7,Carlsen,Caruana,2835,2832,0,0,0,6,0,0.5,0,1,0
2018,8,Carlsen,Caruana,2835,2832,1,0,0,7,0,0.5,0,1,0
2018,9,Carlsen,Caruana,2835,2832,0,0,0,8,0,0.5,0,1,0
2018,10,Carlsen,Caruana,2835,2832,1,0,0,9,0,0.5,0,1,0
2018,11,Carlsen,Caruana,2835,2832,0,0,0,10,0,0.5,0,1,0
2018,12,Carlsen,Caruana,2835,2832,1,0,0,11,0,0.5,0,1,0
2021,1,Carlsen,Nepomniachtchi,2856,2782,0,0,0,0,0,0.5,0,1,0
2021,2,Carlsen,Nepomniachtchi,2856,2782,1,0,0,1,0,0.5,0,1,0
2021,3,Carlsen,Nepomniachtchi,2856,2782,0,0,0,2,0,0.5,0,1,0
2021,4,Carlsen,Nepomniachtchi,2856,2782,1,0,0,3,0,0.5,0,1,0
2021,5,Carlsen,Nepomniachtchi,2856,2782,0,0,0,4,0,0.5,0,1,0
2021,6,Carlsen,Nepomniachtchi,2856,2782,1,0,0,5,0,1,1,0,0
2021,7,Carlsen,Nepomniachtchi,2856,2782,0,0,1,5,0,0.5,0,1,0
2021,8,Carlsen,Nepomniachtchi,2856,2782,1,0,1,6,0,1,1,0,0
2021,9,Carlsen,Nepomniachtchi,2856,2782,0,0,2,6,0,1,1,0,0
2021,10,Carlsen,Nepomniachtchi,2856,2782,1,0,3,6,0,0.5,0,1,0
2021,11,Carlsen,Nepomniachtchi,2856,2782,0,0,3,7,0,1,1,0,0
2023,1,Nepomniachtchi,Ding,2795,2788,1,0.5,0,0,0,0.5,0,1,0
2023,2,Nepomniachtchi,Ding,2795,2788,0,0.5,0,1,0,1,1,0,0
2023,3,Nepomniachtchi,Ding,2795,2788,1,0.5,1,1,0,0.5,0,1,0
2023,4,Nepomniachtchi,Ding,2795,2788,0,0.5,1,2,0,0,0,0,1
2023,5,Nepomniachtchi,Ding,2795,2788,1,0.5,1,2,1,1,1,0,0
2023,6,Nepomniachtchi,Ding,2795,2788,0,0.5,2,2,1,0,0,0,1
2023,7,Nepomniachtchi,Ding,2795,2788,1,0.5,2,2,2,1,1,0,0
2023,8,Nepomniachtchi,Ding,2795,2788,0,0.5,3,2,2,0.5,0,1,0
2023,9,Nepomniachtchi,Ding,2795,2788,1,0.5,3,3,2,0.5,0,1,0
2023,10,Nepomniachtchi,Ding,2795,2788,0,0.5,3,4,2,0.5,0,1,0
2023,11,Nepomniachtchi,Ding,2795,2788,1,0.5,3,5,2,0.5,0,1,0
2023,12,Nepomniachtchi,Ding,2795,2788,0,0.5,3,6,2,0,0,0,1
2023,13,Nepomniachtchi,Ding,2795,2788,1,0.5,3,6,3,0.5,0,1,0
2023,14,Nepomniachtchi,Ding,2795,2788,0,0.5,3,7,3,0.5,0,1,0
